site,wildtype,mutant,entry_CHO_bEFNB2
71,Q,C,-1.75
71,Q,D,-1.164
71,Q,E,-1.255
71,Q,F,-1.058
71,Q,G,-1.425
71,Q,H,-0.3764
71,Q,I,-2.171
71,Q,K,0.005061
71,Q,L,-1.072
71,Q,M,-0.7752
71,Q,N,0.3743
71,Q,P,-3.385
71,Q,R,-0.6508
71,Q,S,-0.6884
71,Q,T,-0.5726
71,Q,V,-1.236
71,Q,W,-2.143
71,Q,Y,-1.827
72,N,A,-0.4574
72,N,C,-2.844
72,N,D,-2.783
72,N,E,0.1277
72,N,F,-2.33
72,N,G,-0.1137
72,N,H,-0.4882
72,N,I,-0.9882
72,N,K,-0.3237
72,N,L,-1.26
72,N,M,0.08954
72,N,P,-3.313
72,N,Q,0.2945
72,N,R,-1.378
72,N,S,0.2917
72,N,T,-1.433
72,N,V,-3.165
72,N,W,-2.063
72,N,Y,-1.268
73,Y,A,-0.4733
73,Y,C,-0.06033
73,Y,D,-1.14
73,Y,F,0.1844
73,Y,G,-0.3173
73,Y,H,-0.5819
73,Y,K,-1.455
73,Y,L,-0.7393
73,Y,M,-1.46
73,Y,N,0.2525
73,Y,P,-2.542
73,Y,Q,-0.4056
73,Y,R,-1.541
73,Y,S,-0.9325
73,Y,T,-1.049
73,Y,V,-0.2105
73,Y,W,-0.1536
74,T,A,-0.05227
74,T,C,-2.932
74,T,D,0.1488
74,T,E,-0.008964
74,T,F,-1.797
74,T,G,0.2748
74,T,H,0.4303
74,T,I,-2.033
74,T,K,-0.3187
74,T,L,-2.334
74,T,M,0.03593
74,T,N,0.09229
74,T,P,-3.408
74,T,Q,0.1822
74,T,R,-0.1266
74,T,S,-0.2335
74,T,W,0.00643
74,T,Y,-0.1577
75,R,A,-0.2048
75,R,C,-2.042
75,R,D,-1.17
75,R,E,-0.565
75,R,F,-1.662
75,R,G,-0.9549
75,R,H,-0.5061
75,R,I,0.02165
75,R,K,0.2763
75,R,L,-0.6905
75,R,M,-0.1052
75,R,N,-0.1731
75,R,P,-2.628
75,R,Q,-0.4702
75,R,S,-0.2768
75,R,T,0.2874
75,R,W,-1.121
75,R,Y,-1.176
76,S,A,0.1775
76,S,C,0.4279
76,S,E,-0.9757
76,S,F,-1.381
76,S,G,-1.12
76,S,I,-0.9721
76,S,K,-2.77
76,S,L,-1.417
76,S,M,-0.9544
76,S,N,0.02169
76,S,P,-2.944
76,S,Q,-0.4667
76,S,R,-2.869
76,S,T,0.4549
76,S,W,-1.484
76,S,Y,-1.033
77,T,A,-0.1959
77,T,C,-1.467
77,T,D,0.287
77,T,E,-0.2762
77,T,F,-0.7927
77,T,G,-0.3405
77,T,H,-0.1465
77,T,I,-0.1184
77,T,K,-0.1962
77,T,L,-0.9373
77,T,M,0.1564
77,T,N,-0.6297
77,T,P,-3.14
77,T,Q,0.1382
77,T,R,0.4774
77,T,S,0.03296
77,T,V,-0.1846
77,T,W,-0.4515
77,T,Y,-0.02977
78,D,A,-0.4105
78,D,C,-2.053
78,D,E,0.3076
78,D,F,-1.892
78,D,G,0.01005
78,D,H,-0.1963
78,D,I,-0.9306
78,D,K,-1.222
78,D,L,-0.5951
78,D,M,-0.0765
78,D,N,-0.251
78,D,P,-2.381
78,D,Q,0.2613
78,D,R,-1.212
78,D,S,-0.08701
78,D,T,0.0623
78,D,V,-0.205
78,D,W,-2.227
78,D,Y,-0.4251
79,N,A,-0.5623
79,N,C,-2.895
79,N,D,-0.3634
79,N,E,-0.003224
79,N,F,-2.96
79,N,G,-0.1807
79,N,H,-1.614
79,N,I,-1.926
79,N,K,-1.2
79,N,L,-2.851
79,N,M,-1.117
79,N,P,-2.94
79,N,Q,-0.2262
79,N,R,-0.2654
79,N,S,-0.6352
79,N,T,-0.7977
79,N,V,-1.128
79,N,W,-3.143
79,N,Y,-1.56
80,Q,A,-1.329
80,Q,C,-2.853
80,Q,D,-1.058
80,Q,E,-2.027
80,Q,F,-1.363
80,Q,G,-2.376
80,Q,H,-0.421
80,Q,I,-0.0175
80,Q,K,-2.977
80,Q,L,-0.6666
80,Q,M,-1.01
80,Q,N,-1.66
80,Q,P,-2.966
80,Q,R,-3.193
80,Q,S,-2.048
80,Q,T,-0.8727
80,Q,V,-0.6035
80,Q,W,-2.611
80,Q,Y,-1.063
81,A,C,-2.831
81,A,D,-0.08184
81,A,E,-0.2257
81,A,F,-0.3494
81,A,G,-0.147
81,A,H,0.07992
81,A,K,-0.3835
81,A,M,0.3178
81,A,N,-0.1271
81,A,P,-3.155
81,A,Q,0.464
81,A,R,-0.7392
81,A,S,-0.3216
81,A,T,-0.6156
81,A,V,-0.06744
81,A,W,-1.982
81,A,Y,-0.7846
82,V,A,0.3914
82,V,C,-0.2492
82,V,D,-0.4165
82,V,E,-0.5771
82,V,G,-0.2202
82,V,H,0.255
82,V,I,0.1803
82,V,K,-0.6241
82,V,L,-0.02166
82,V,M,0.0213
82,V,N,0.05387
82,V,P,-2.666
82,V,Q,0.02312
82,V,R,-0.2913
82,V,S,0.392
82,V,T,-0.118
82,V,W,-0.8667
82,V,Y,0.06162
83,I,A,-2.911
83,I,C,-3.103
83,I,D,-3.326
83,I,E,-3.277
83,I,F,0.2
83,I,G,-2.613
83,I,H,-2.543
83,I,K,-3.304
83,I,L,-0.02371
83,I,M,0.3466
83,I,N,-3.084
83,I,Q,-2.276
83,I,R,-3.338
83,I,S,-3.196
83,I,T,-2.28
83,I,V,-0.8281
83,I,W,-3.098
83,I,Y,-2.691